"","baseMean","log2FoldChange","lfcSE","stat","pvalue","padj"
"g471",924.703711456709,-3.78295095113877,0.39508600005167,-9.57500632936632,1.01851068358519e-21,1.04448270601662e-18
"g2428",676.638364854932,3.90607765999139,0.40511016422382,9.64201346928762,5.31353587637134e-22,1.04448270601662e-18
"g1979",134.138064337677,5.13099130475095,0.553359406283013,9.27243893659726,1.81937225863777e-20,1.24384416748869e-17
"g1048",846.100062300446,3.86881358545596,0.429411461435575,9.00957224691219,2.06861751122843e-19,8.48546903105901e-17
"g1207",255.304653981412,4.54301686727426,0.503233569741829,9.02765065853007,1.75396736200926e-19,8.48546903105901e-17
"g1311",593.796973251479,3.73107277624427,0.41781324996686,8.93000108670612,4.2600460794921e-19,1.45622575150638e-16
"g2427",957.71589554982,3.53743342803222,0.412852675092621,8.56827057554762,1.05050732797641e-17,3.07798647097089e-15
"g2784",93.6977165334189,4.87108107321435,0.587402065134608,8.29258418098701,1.10814190268962e-16,2.84099880302052e-14
"g609",28205.1921131666,4.42275686654585,0.542836379036116,8.14749533625415,3.7153921455881e-16,8.46696587844577e-14
"g1110",692.573541151226,4.64283210233605,0.577462222130578,8.04006205844267,8.9792984950796e-16,1.84165412134083e-13
"g586",78.2964247412848,5.81284707851909,0.724677833265795,8.02128450972927,1.04645033261186e-15,1.95115421107902e-13
"g2068",2296.94796001151,-2.85617393845642,0.358137040704534,-7.97508666748822,1.5227392890565e-15,2.60261523487906e-13
"g608",7584.45110132132,3.94971563380263,0.499413713588911,7.90870479991226,2.60080510767352e-15,3.91160532448038e-13
"g3343",2877.8347692814,2.45308110001112,0.3103031913874,7.90543303484288,2.67003776415043e-15,3.91160532448038e-13
"g76",7538.00930473515,3.52481564729041,0.458314190801211,7.69082807828498,1.46185759893286e-14,1.87391870963206e-12
"g1326",207.841085380966,6.33977402299307,0.824244575765126,7.69161752397098,1.45286390976298e-14,1.87391870963206e-12
"g2303",627.372709799981,-3.05817633204422,0.400735539162278,-7.63140783180152,2.32203824555252e-14,2.8014708480166e-12
"g1103",378.823209256483,-2.70202430030262,0.354601630599524,-7.61988684523055,2.5389818920886e-14,2.8930288114854e-12
"g2764",1031.41937476037,-4.1816427076353,0.554631798405048,-7.5394932632071,4.71801176251907e-14,5.09296953943506e-12
"g1981",972.509268785795,-2.28167353209472,0.306648582334905,-7.44067856019892,1.00169417370918e-13,1.02723737513876e-11
"g1079",187.941342107036,3.95624659075793,0.534334566819858,7.40406261624417,1.32080095335385e-13,1.28998226444226e-11
"g376",322.125604454979,-6.56007848987842,0.890509192765911,-7.36666004480302,1.74955875458462e-13,1.63106591166048e-11
"g1461",98.3832818147918,5.29364705039117,0.7222089285488,7.32980006357464,2.30496343521071e-13,2.05542608939876e-11
"g795",978.331277542199,-2.53414587484561,0.35505149877688,-7.13740368249538,9.51102205413498e-13,8.12796093042952e-11
"g2067",722.10337155228,-3.1006978850813,0.434895854260652,-7.12974808728096,1.00552787526584e-12,8.24935068868098e-11
"g792",83.7592261164394,-9.76847233485788,1.39625184625696,-6.99621086342336,2.62977656206459e-12,1.99765619584981e-10
"g1076",73.0116723227855,5.23901968931768,0.748374695924421,7.0005302395296,2.54995586413725e-12,1.99765619584981e-10
"g434",243.487191888816,-4.09160877310349,0.588337194269124,-6.95453017922212,3.53738911632866e-12,2.59113752771075e-10
"g2535",147.616737667264,3.73462086515406,0.538591088863937,6.93405617428908,4.08942142742056e-12,2.8922080509102e-10
"g2096",278.929737160286,3.37165803148193,0.491143637634619,6.86491236600369,6.65320831277572e-12,4.54857674983433e-10
"g628",339.172937803251,3.22054776085848,0.471134777273618,6.83572496918033,8.1591345967392e-12,5.22949533059753e-10
"g1102",519.076067921472,-2.23556710609175,0.326952692804253,-6.83758585047099,8.05388254626988e-12,5.22949533059753e-10
"g2036",752.655842977295,2.11507920876934,0.312017378078561,6.77872246024961,1.21243179851559e-11,7.53544732956201e-10
"g1468",142.692674643653,3.44135833164281,0.508081758009278,6.7732373331537,1.25932109637581e-11,7.59666931960818e-10
"g507",2845.24778050092,2.26258841353503,0.334537830603404,6.76332601743131,1.34859299570409e-11,7.68323398385855e-10
"g1354",56.9849057520983,5.29179522769452,0.782137004004263,6.76581621966792,1.32559725635865e-11,7.68323398385855e-10
"g282",1394.49248694804,-1.82260771824719,0.273269219502333,-6.66964146773078,2.5642909553248e-11,1.42144885118139e-09
"g2146",462.457673222336,-3.05859182093292,0.45979196409038,-6.6521210891187,2.88898854893917e-11,1.55929355628269e-09
"g627",91.3403335231071,5.09654932096413,0.767398459879042,6.64133378866495,3.10857164964876e-11,1.63478985985375e-09
"g531",502.090930665422,5.6273421282379,0.84863078357662,6.63108413828807,3.33230209319515e-11,1.70863789828581e-09
"g822",1213.45635118591,-3.16625013890298,0.480738633795758,-6.58621944715217,4.51166847360382e-11,2.25693464374669e-09
"g2066",345.541912245303,-4.0769873159043,0.630452190041289,-6.46676683863575,1.00121952067391e-10,4.88928865929095e-09
"g562",13770.7412052513,3.64174990674256,0.565965346352253,6.43458107499741,1.23814336908125e-10,5.90565593019919e-09
"g227",10157.5313537589,3.12544758780836,0.486270385441076,6.42738624720769,1.29816671608816e-10,6.05122712431096e-09
"g3155",678.054196904205,-4.89675959993318,0.766600893339743,-6.38762574173395,1.68481059618782e-10,7.67899229506938e-09
"g1167",360.610532751515,2.93303622157693,0.461678196201932,6.35298839257737,2.11171656986543e-10,9.4155014886826e-09
"g1673",95.3623921721694,5.17641345513313,0.822103948708113,6.29654371964465,3.04355466801614e-10,1.3281554519364e-08
"g3221",561.230115906133,-3.52152039614875,0.566054029013289,-6.22117362592975,4.93449728677804e-10,2.10846956982953e-08
"g2111",38.0873655401693,6.33564025800003,1.02147350806103,6.20245185802853,5.55901929529851e-10,2.32684664788923e-08
"g966",74.1795870472536,-5.27840878428219,0.853818323371191,-6.1821216994279,6.32457368277885e-10,2.59434012467588e-08
"g776",106.488893942992,6.00524641232679,0.979885571337621,6.12851805147937,8.87013667034051e-10,3.56718633546439e-08
"g1666",654.321551571054,2.81436776176171,0.460119929448953,6.11659609078928,9.55952535005448e-10,3.77049740249264e-08
"g248",359.72566122189,2.88784617518753,0.475135129300439,6.07794708726215,1.21730906637212e-09,4.71075640590419e-08
"g2777",236.967617224914,-3.79939986143669,0.628071316849999,-6.04931280812508,1.45464974670459e-09,5.52497524165022e-08
"g454",813.84637650396,4.18717628227299,0.695997663224447,6.01607807542696,1.78693410901295e-09,6.62911474806835e-08
"g2532",242.496874581886,-2.38024727429935,0.395784335670744,-6.01400070638343,1.80999720083778e-09,6.62911474806835e-08
"g2904",999.594365229331,1.86953291755917,0.316134125290085,5.91373334290845,3.34439166986664e-09,1.20339426577131e-07
"g2048",423.947356568158,1.9533621068238,0.330907884529805,5.90303887620987,3.56866136818996e-09,1.2619524941651e-07
"g642",198.823772763401,3.39652374913897,0.576623566833979,5.89036582009297,3.8534164215795e-09,1.33955204756942e-07
"g875",346.28484207226,-1.87308810004267,0.318293344067663,-5.88478563863555,3.985702319097e-09,1.36244590941133e-07
"g2444",970.180040707724,2.20054343194686,0.37883934880298,5.80864537672742,6.29803291363727e-09,2.11758450915902e-07
"g2583",59.2551775163434,-5.23118516733337,0.902311083447537,-5.79754063016286,6.72944804267955e-09,2.22614482831222e-07
"g1060",66.0650704443882,4.63650865145993,0.800913786378049,5.78902340091746,7.07968352383466e-09,2.30483030275951e-07
"g2641",4746.76109424277,-2.69652247409691,0.466730442755588,-5.77747287744201,7.58309409428054e-09,2.43014468552647e-07
"g259",186.956996741611,-3.50954551737371,0.611141218085828,-5.74260974961899,9.32284156430095e-09,2.94171508436635e-07
"g2443",61.2460564104919,3.80067259601143,0.667827022171227,5.69110333938682,1.2622108464219e-08,3.85198356518372e-07
"g2534",37627.7751421504,2.33368173715101,0.41038217023191,5.68660606242281,1.29588915649769e-08,3.85198356518372e-07
"g2807",115.500095810354,4.95581101987055,0.871341109738541,5.68756708995128,1.28861984552573e-08,3.85198356518372e-07
"g2827",44.8141535657334,4.07777368495315,0.716802165500489,5.68884119107808,1.27904346915071e-08,3.85198356518372e-07
"g374",225.960016971907,-2.66371543842179,0.470222930265801,-5.66479273334477,1.47202358774664e-08,4.31302911209767e-07
"g2645",1104.55389176041,2.78343860937352,0.492925189376043,5.64677697420347,1.63483688772314e-08,4.72260627707066e-07
"g879",581.941285615962,-1.92818659838751,0.34250931321223,-5.62958881410837,1.80639738665734e-08,5.07523430141673e-07
"g3041",34.9642029653297,5.76634062234608,1.02398428422276,5.63127843971053,1.78878665275386e-08,5.07523430141673e-07
"g2564",776.763701527836,-2.18975098576824,0.389978794702058,-5.61505142206823,1.96503798496526e-08,5.44634176643749e-07
"g1109",8878.17481539478,3.44403601610417,0.614984507308854,5.60019963945942,2.14105084105391e-08,5.85506036666876e-07
"g1094",69.45381244055,3.5613230275387,0.63829081643797,5.57946775329298,2.41255664801581e-08,6.51072853300057e-07
"g36",1670.12984915282,1.99327415469625,0.363352556765927,5.48578541028493,4.11636352588004e-08,1.09275204430267e-06
"g37",777.205790424751,-2.07709149500569,0.378747820652072,-5.48410150962627,4.15576106560744e-08,1.09275204430267e-06
"g1133",299.521488709192,3.50637391114589,0.64195839236979,5.4619955947645,4.70811765889916e-08,1.22232269853192e-06
"g156",2089.7891474459,-2.32745335081851,0.426612080042006,-5.45566677481175,4.87894140475761e-08,1.23539615076023e-06
"g260",684.029188800917,-3.34786861451065,0.613557258433964,-5.45648929825346,4.85640531224398e-08,1.23539615076023e-06
"g3328",1276.23318399852,2.29776536539109,0.421481375629215,5.45164151550191,4.99069834779523e-08,1.24828320869854e-06
"g178",1403.74467181577,3.44812502292366,0.633596913973796,5.44214302007517,5.26433821315082e-08,1.30086237050269e-06
"g1937",439.982454288527,-1.93764918972237,0.356480627289023,-5.43549646570664,5.4644068479335e-08,1.33422600537043e-06
"g1767",265.162967695091,2.44919864282254,0.451523849720204,5.42429518250305,5.81836628017315e-08,1.40393755772178e-06
"g1660",2238.74105158108,-2.95110448235423,0.548107725941203,-5.38416873669612,7.27802055156854e-08,1.73572327340315e-06
"g814",709.839566289031,-2.23102135056143,0.414743485387504,-5.37928003492795,7.47843056508427e-08,1.76301851597561e-06
"g1452",1486.94602720083,-2.18680410064055,0.40782642457251,-5.36209516814118,8.22621779694118e-08,1.91726962517345e-06
"g874",1752.25109496069,-1.5408327576555,0.287534433957821,-5.35877646529643,8.37874455499964e-08,1.9308769755398e-06
"g3334",77.0229641042886,-3.08903916556555,0.58176415699675,-5.30977910621401,1.09758180254159e-07,2.50126697445866e-06
"g2710",30.5362281483181,5.00614983579131,0.944991710909597,5.29755952141915,1.17360655343224e-07,2.64512861658189e-06
"g2371",1226.56848458646,-2.41811849658856,0.456693069334702,-5.29484386551172,1.19118142152056e-07,2.65555771254202e-06
"g1600",10588.4293017228,1.84208048380167,0.349783318385933,5.26634744132999,1.3916479174819e-07,3.06910739651115e-06
"g3361",1018.11542415787,-2.09400770531941,0.397809360655921,-5.26384724046399,1.4107167906489e-07,3.07806397619243e-06
"g432",1637.16612490937,-3.04447587785531,0.58118510007438,-5.2383928587737,1.61980968072753e-07,3.49708384754965e-06
"g144",1936.39270854634,1.78560991804801,0.341649704670707,5.22643483555484,1.7280968392724e-07,3.69200689307052e-06
"g413",72.8490687854744,-4.65399760571132,0.892782315135762,-5.21291419734675,1.85896893027712e-07,3.93066523298801e-06
"g743",68.9796625556301,-5.98919443323842,1.15325916173753,-5.19327713314235,2.06624254369826e-07,4.32435046645421e-06
"g451",109.011973390451,-2.99995393787437,0.582065979312021,-5.15397574244108,2.55020945867565e-07,5.17869267301363e-06
"g1090",95.3328103183119,-2.27527131644318,0.441164203290304,-5.15742505732262,2.50369006474012e-07,5.17869267301363e-06
"g2049",179.707814631155,2.16722394434367,0.420371919742449,5.15549170285084,2.5296624361094e-07,5.17869267301363e-06
"g2504",392.368163386186,2.40796988210802,0.468268757943804,5.14228173726893,2.71421679804581e-07,5.42816588114572e-06
"g3184",833.72958869262,2.4562218542787,0.477727680621292,5.14146856862962,2.72599261705514e-07,5.42816588114572e-06
"g314",4530.03531097173,-2.24103622677311,0.437150993455022,-5.12645804384679,2.95243812605668e-07,5.8225486505214e-06
"g66",2161.15195604255,-4.0633201829925,0.798095076418375,-5.09127333704091,3.55666866513405e-07,6.9473594592285e-06
"g2060",91.9564046551196,2.4040506429219,0.476437981661591,5.04588369411209,4.51429967483444e-07,8.73474399347683e-06
"g283",7581.31526584356,-1.53564254169238,0.30476093663317,-5.03884309668198,4.68354232239596e-07,8.92919050994731e-06
"g2167",17.9546514722503,-7.54629744914101,1.49837206896885,-5.03633083225733,4.74540109987449e-07,8.92919050994731e-06
"g2319",3123.9983972741,-2.3539470079855,0.467257995823886,-5.03778860720175,4.70941141346241e-07,8.92919050994731e-06
"g580",132.025233337696,-4.23945893287926,0.847625997872755,-5.00156784185339,5.6865948857861e-07,1.06029146461339e-05
"g2884",348.203085245627,-3.62937900974565,0.728846152397118,-4.97962292564612,6.37082774504283e-07,1.17716826171918e-05
"g1168",391.135970868582,1.95500663555926,0.395165094427166,4.94731610440759,7.52437323453713e-07,1.37790084857461e-05
"g1136",447.455417513794,1.87278054374142,0.380442699300115,4.92263499125281,8.53866252803052e-07,1.54980503053014e-05
"g2783",96.8149094746603,2.77501056492972,0.564255600847663,4.91800269374537,8.74317097102021e-07,1.57300382996162e-05
"g2347",3328.78182502901,-2.0446025609765,0.416652175287299,-4.90721681596085,9.23778948935579e-07,1.64753967327554e-05
"g2618",20.9567413681095,7.93122758636214,1.61916611269256,4.89834089547062,9.66492516813681e-07,1.70885875171109e-05
"g414",512.053388951758,-3.51510757897641,0.721280262180356,-4.87342821270417,1.09678133554472e-06,1.92264830701045e-05
"g3363",552.916604464195,-2.52758308162557,0.519362121868589,-4.86670662953181,1.13473277164946e-06,1.9723194191975e-05
"g629",33.0099531358145,4.69977746895065,0.967772527211069,4.856283203755,1.19609601458126e-06,2.0498011515194e-05
"g3232",121.440518173685,-4.40054735745042,0.906254285359171,-4.85575343316183,1.19929857719321e-06,2.0498011515194e-05
"g1462",1678.14089988481,1.95356664072133,0.403766135898484,4.83836178181249,1.30913687149966e-06,2.21904109375687e-05
"g1034",1835.1698077564,-1.75003450008074,0.362606218983912,-4.8262671969186,1.39115838655133e-06,2.33874250066949e-05
"g710",85.1916915199577,-4.44739493843779,0.922142781929092,-4.82289188354757,1.41491673733433e-06,2.35934490103472e-05
"g2133",1985.60116423423,-1.64971575717131,0.342377624826132,-4.81840995891328,1.4470680322291e-06,2.39349720492087e-05
"g2528",1940.52033283512,-1.97446466637642,0.412145602431202,-4.7906969156756,1.66203020679835e-06,2.72705916331473e-05
"g3324",646.298170425194,-2.26502913937459,0.473085114654406,-4.78778357046643,1.68633364639903e-06,2.74497643552731e-05
"g373",957.831492374834,-2.82182348098288,0.589654774362973,-4.78555182399973,1.70518178910282e-06,2.75380145625976e-05
"g1111",26623.8861743867,3.04761174380311,0.640302762656018,4.75964172192764,1.93936909220056e-06,3.10753594383074e-05
"g276",3669.99971787826,2.44084046594039,0.512995922054832,4.75801144025371,1.95509420843148e-06,3.10844823371547e-05
"g2291",631.000229797735,-1.81259232766223,0.38152733486769,-4.75088456844337,2.0252872664004e-06,3.1952801410671e-05
"g2099",3133.07898576253,1.95606761713748,0.414866855027076,4.7149286414067,2.41795474037443e-06,3.78566807061676e-05
"g883",1013.51387487251,-1.49634969507761,0.322795382957521,-4.6355981965037,3.55906716627505e-06,5.5300354227501e-05
"g2543",17.9630331487132,4.81261259773529,1.03870866370968,4.63326509720962,3.59943135838273e-06,5.54269979594246e-05
"g3199",1333.83707576951,-1.70182631122919,0.367405305909247,-4.63201343001172,3.62126656585222e-06,5.54269979594246e-05
"g30",1102.71944384831,-1.35006900131912,0.292081518033222,-4.62223358194666,3.79630201535761e-06,5.76756698777664e-05
"g112",654.466413692905,-1.55458674366338,0.336751838268903,-4.61641650318777,3.90422999617393e-06,5.8879233251123e-05
"g135",962.151976417833,2.57917090747658,0.560123339126191,4.60464816820553,4.13163767198859e-06,6.18539333229824e-05
"g634",805.804856659795,2.43876327361978,0.530072173470719,4.60081361685456,4.20843871164783e-06,6.25471579535486e-05
"g2774",6370.48565912365,-2.73587781575539,0.59580946424747,-4.59186699763306,4.39298308443719e-06,6.48202036415876e-05
"g1453",627.2860113139,-2.12062318514003,0.463112756019327,-4.57906450983511,4.67060145136076e-06,6.84243112624351e-05
"g2694",28.9234160237194,-6.45498922809088,1.41181197163785,-4.57213096203059,4.82789022666593e-06,7.02269706020697e-05
"g572",258.350672993076,-4.20064143548275,0.91985542295157,-4.56663224531961,4.95622405071032e-06,7.11108038168599e-05
"g2147",40.3481848176375,-3.63726029590641,0.796499417896884,-4.56655738118479,4.95799363520769e-06,7.11108038168599e-05
"g1648",355.728508155796,-2.15680938872596,0.474419291378857,-4.54620928769019,5.46207251292487e-06,7.77966022500619e-05
"g2130",481.8802935068,-3.6898337299774,0.813410023166698,-4.53625308870974,5.72624579741032e-06,8.09967595206108e-05
"g132",92.9708036222735,2.71575086966789,0.59909587888318,4.53308220836124,5.81291783577066e-06,8.16410305003976e-05
"g2675",7665.10526989818,-2.77970072588539,0.613391815007933,-4.53168864969194,5.85140491641075e-06,8.16410305003976e-05
"g1012",2132.84607328509,-1.7155342899039,0.379078337078493,-4.52554029630208,6.02414010405552e-06,8.34831848203911e-05
"g878",587.819699175232,-1.54380639796954,0.341586912457124,-4.51951272624744,6.19821220465676e-06,8.4961553482201e-05
"g1980",1295.50765533663,1.74768621141557,0.386743053528809,4.51898539733017,6.21366797773288e-06,8.4961553482201e-05
"g632",14.0504754594874,7.35306234119466,1.63035761598726,4.51009169343623,6.47996106637699e-06,8.80158950141669e-05
"g2307",826.04339454682,-1.73854449572948,0.386081705385817,-4.50304811514477,6.69857105976855e-06,9.03866397604296e-05
"g2960",240.425856861886,-2.83229605637561,0.630334436137405,-4.49332274106979,7.01203906057274e-06,9.39979876682006e-05
"g664",428.650962855897,-1.84029442654481,0.41013572727332,-4.48703759309029,7.22203352378814e-06,9.61843555668148e-05
"g2726",1696.83208997713,-1.9867415365002,0.442956808749148,-4.48518116723502,7.28520079599286e-06,9.63996569843958e-05
"g89",557.798166825652,-2.48006637979059,0.553209146515514,-4.48305382405864,7.35823601792763e-06,9.67419363639075e-05
"g1649",229.230182029396,-2.04166023841226,0.457020853953266,-4.46732401979414,7.92041185950523e-06,0.000103469839005384
"g2699",178.790722116802,-2.04877977463158,0.459117279689504,-4.46243229184741,8.10345378278992e-06,0.00010519103612976
"g3121",428.332407996642,-1.92329875520959,0.4315312801973,-4.45691620391976,8.31470855449465e-06,0.000107254510976532
"g1465",47.6235306131434,2.59286243305396,0.582143725950347,4.45399017024727,8.42889609508198e-06,0.000108047911818832
"g2852",3075.49493202844,-2.31859648582211,0.521419048231836,-4.4467046105903,8.71976105618134e-06,0.000111082173454832
"g704",370.240981981712,-2.13915370629856,0.482572013843411,-4.43281757941455,9.30095566684418e-06,0.000117754691806774
"g615",243.144934176631,-2.63390692905744,0.596972821961326,-4.41210526201822,1.02370319394839e-05,0.000128810751582095
"g2685",74.1292384874722,4.14394473715963,0.940037596080934,4.40827553539981,1.0419693350392e-05,0.000130309701595451
"g69",1591.92999523167,-3.08688504649345,0.702485194389891,-4.39423502608395,1.1116350050289e-05,0.000138179599716017
"g1420",24.1063894158682,4.67786167902038,1.06664875455164,4.38556896922147,1.15682995688388e-05,0.000142931219371616
"g1629",905.68834089443,1.77570021169629,0.405311838207395,4.38107166953184,1.18097014716466e-05,0.000145040106097887
"g893",570.004689886907,1.33214678438646,0.304351750848543,4.37699727592296,1.20325477610938e-05,0.000146897353916687
"g2341",43.6160985099011,-3.98291179502252,0.911230961769561,-4.37091359065316,1.237277533964e-05,0.000150157172908886
"g974",3629.57156188886,2.03246477776337,0.465738511270512,4.36396116829356,1.277282597006e-05,0.000154100388615254
"g313",4933.57257932402,-1.88442529717363,0.432599319035138,-4.35605238902506,1.32429093244579e-05,0.000158019459837601
"g973",551.188551523525,2.32463755470098,0.533674846122587,4.35590616944124,1.32517538235336e-05,0.000158019459837601
"g3364",149.483084269791,-2.1812799099628,0.501653449720677,-4.34818082319048,1.37271408020598e-05,0.000162741998757368
"g799",6146.35430494186,1.62857408127705,0.374818222383386,4.34497039904117,1.39294445316478e-05,0.000164191326059825
"g1968",249.804753367442,-2.26323646146941,0.521379922183802,-4.34085848950576,1.41927109141395e-05,0.000165393466391478
"g2959",503.0549340354,-2.17482747121199,0.500952232467474,-4.34138692325959,1.41586139480974e-05,0.000165393466391478
"g79",559.477435996914,-2.15630691197231,0.498517670206556,-4.32543727302357,1.52229583835803e-05,0.000176397105337419
"g2425",626.073786156034,-1.88871826087732,0.437956917948401,-4.3125663358053,1.61370443341726e-05,0.000185938640052742
"g2722",168.691960492711,1.73353907324166,0.402107825961323,4.31112990426702,1.62422445710743e-05,0.000186105271593706
"g3212",264.196788350774,1.55663094062248,0.362503746428267,4.29410993944171,1.75395550389254e-05,0.000199853485471311
"g548",801.457561416994,1.69888987191494,0.397957619687396,4.26902209649724,1.96331820998891e-05,0.000221500803031482
"g965",668.961412341952,-2.45418544097538,0.574916267060643,-4.26877022200609,1.96553613611554e-05,0.000221500803031482
"g1384",42.8603096095245,3.36340049369091,0.788515458913416,4.2654845325743,1.99468833457005e-05,0.000223557692579409
"g713",966.372406301908,1.46556403909179,0.344538276268757,4.25370456648066,2.10262673236015e-05,0.000234374316742972
"g2257",70.8451516094117,2.3304596873481,0.548170284933282,4.2513426053945,2.12492818688656e-05,0.000235579876286721
"g3148",3347.18258129781,-1.83487961137994,0.432868560092703,-4.2388839951485,2.24633690557817e-05,0.000247700913620474
"g2570",2726.2741644568,1.52063343833363,0.359305831333086,4.23214238603313,2.31475783986367e-05,0.000252530230295765
"g3127",22.4127202852179,4.32461370862497,1.02176299351449,4.23250179941427,2.31106063540769e-05,0.000252530230295765
"g2235",3634.86669747437,1.69872807666773,0.402469183711742,4.22076557763092,2.43474027448814e-05,0.000264214407564824
"g513",1480.98919301348,-2.20256815918594,0.522528147056721,-4.21521437953629,2.49541029741922e-05,0.000267962645026535
"g1166",574.663430712912,2.27243119487214,0.539086653637685,4.21533565993162,2.49406957005051e-05,0.000267962645026535
"g962",20.6083058917742,4.70488731059754,1.11939054835727,4.20307936090943,2.63308220419771e-05,0.000281273520875495
"g2075",153.290006463835,2.54104692971426,0.605948486281311,4.19350322221051,2.74679173308393e-05,0.000291899991945862
"g578",81.2415541162766,-2.5543480108294,0.611561380298834,-4.1767647420464,2.95684558779392e-05,0.000312602592812645
"g2132",1096.85679741174,1.33849554232635,0.320922595103626,4.17077377145774,3.03567113899605e-05,0.000319290333645174
"g1139",1263.93166482986,1.16523692023225,0.279810240441274,4.16438268447438,3.12196100710371e-05,0.000326690919671924
"g2709",1813.43909509309,1.2561391582128,0.3021611678096,4.15718262978228,3.2219641694417e-05,0.000335444086879438
"g598",85.5703678597654,-2.28332189163116,0.550371222823015,-4.1486941848437,3.34377143449563e-05,0.000346367434957098
"g3226",978.666160522987,-1.69035765756205,0.407679897163259,-4.14628650891052,3.37910954064649e-05,0.000348269028535978
"g308",307.170064901228,1.93067113095799,0.469605616575305,4.11126073201125,3.93504524924311e-05,0.000403538890309881
"g3206",1524.58884787515,3.12180547876079,0.760295654144464,4.1060414612966,4.0249726694636e-05,0.00041070741020248
"g1406",712.606968735405,-1.649605073203,0.403666217806489,-4.08655716142637,4.37821654500736e-05,0.000444540699693569
"g2135",3234.76710235226,-2.87814319413093,0.705018323326248,-4.08236651290418,4.45794183408206e-05,0.000450405847374498
"g2411",7110.78948998769,1.59888362834604,0.392044563705772,4.07832113072226,4.53620820023514e-05,0.000456066814641288
"g83",741.304948800355,1.70869495509087,0.420037144396386,4.06796155503426,4.74262035198424e-05,0.000474493382532667
"g2642",13162.8885862454,-1.69530702607657,0.418196596344079,-4.05385180294899,5.03811398093009e-05,0.000501610280334351
"g1671",631.837509228606,-2.47251062453395,0.610422005222355,-4.05049392613771,5.11096363379247e-05,0.00050640514072021
"g2567",1181.51506890879,1.59527149754193,0.394221833972271,4.04663405237504,5.19593743246023e-05,0.000512349407402689
"g514",6522.49309788472,-2.73865937150489,0.678890322994936,-4.0340232858575,5.48298809079585e-05,0.000538067395895803
"g1632",6137.47595745776,-1.64842738423302,0.409769097140076,-4.02282015832325,5.7505406273998e-05,0.00056163613460938
"g767",5936.43702258675,1.49986963376397,0.37365739915191,4.01402364082237,5.96923639451512e-05,0.000577495464393892
"g1633",312.356566039865,-2.67972942104474,0.667505953762418,-4.0145401040101,5.95618162510304e-05,0.000577495464393892
"g152",47.1996071077895,-2.53637911386288,0.632317217537533,-4.01124474158782,6.03994570721592e-05,0.00058155984819601
"g344",1660.01988011353,-1.32352319117278,0.330043116904447,-4.01015238125981,6.06795746045569e-05,0.00058155984819601
"g80",711.715876966931,-1.26282205543888,0.315392641557919,-4.00396803552872,6.2288784612576e-05,0.000588729480370476
"g1389",837.206274470937,-1.37153517031297,0.342474422153808,-4.0047813255292,6.20748770866548e-05,0.000588729480370476
"g1766",14.0384937889462,5.45962277994904,1.36353153222862,4.00403118732839,6.22721497802248e-05,0.000588729480370476
"g23",91.5822423358039,-3.22015013031593,0.809984920645514,-3.97556799915441,7.02114779742785e-05,0.000657835561784294
"g1080",9.06009267354264,6.72413281193658,1.69140780858572,3.97546515855274,7.02418274162654e-05,0.000657835561784294
"g1081",14.8042151472066,4.98613772112317,1.25701653041436,3.96664451141271,7.28915866829189e-05,0.000679548383121212
"g3180",600.496394563318,-1.57396569035541,0.397748316478109,-3.95719007510127,7.58365855301269e-05,0.000703804691956064
"g2674",3232.63064547703,1.22162151476324,0.308950860765349,3.95409649203428,7.68244032042121e-05,0.000709760589963239
"g1708",1110.78009986971,1.1087285158188,0.281265415450009,3.94192977492416,8.08286446489827e-05,0.000743406054596698
"g438",181.186493954321,-2.10510633687937,0.534699369360382,-3.93699049878728,8.25098724997084e-05,0.000752123326652897
"g1994",3693.21198445141,-1.20966798398803,0.307244498983776,-3.93715099208955,8.24547282140441e-05,0.000752123326652897
"g904",185.203781770265,3.12233509918136,0.793446863813118,3.93515336890507,8.31435845147795e-05,0.000754546424069968
"g1702",222.754182334115,2.85846249790764,0.727780354674576,3.9276444871692,8.57818868961691e-05,0.000775060132264506
"g604",3113.0471291745,2.06306699619089,0.525720502327926,3.92426581625691,8.69946378154193e-05,0.000782570184909759
"g563",671.912550509003,-2.14369389214039,0.547033948875521,-3.91875841809627,8.90062686700187e-05,0.000793703726270471
"g2402",20.5489422273005,4.92908980181636,1.25778387066889,3.91886866794933,8.89655713060633e-05,0.000793703726270471
"g2802",1421.45714638699,1.29078628489841,0.330119303155567,3.910060007276,9.22731953233891e-05,0.000819274128174333
"g691",2103.75430110601,1.12568455386463,0.288068731594269,3.90769434653569,9.31810819485417e-05,0.000821210512399149
"g2793",2018.57843368722,-1.97971381037728,0.506656716487531,-3.90740662455226,9.32920767376898e-05,0.000821210512399149
"g3027",37.183646737414,-2.57209183685443,0.659826196863554,-3.89813537122461,9.69362252659217e-05,0.000849641871882074
"g1928",172.55778435847,1.84133852886904,0.472945974240121,3.89333799030113,9.88742426940419e-05,0.000862940730916936
"g2509",74.4176030974771,2.47588089812399,0.636201925567457,3.89165891932132,9.95611431668886e-05,0.000865253833200375
"g1119",701.482574057892,-2.18206513497493,0.560878356233606,-3.89044275059547,0.00010006148288572,0.000865932917293721
"g1394",1103.9022830949,1.70800452440804,0.43944437299396,3.88673659141726,0.000101600899113644,0.000871897255573569
"g2025",220.881271474698,3.36043335097249,0.864565740406187,3.88684537672486,0.000101555396573981,0.000871897255573569
"g899",28.5769262820194,4.95572285117772,1.27599625092919,3.88380674909423,0.000102833651767385,0.000878799249062112
"g139",2345.46854477795,-1.15891470746864,0.298518170872328,-3.88222500520511,0.000103505036595866,0.00088086651476399
"g2103",495.526496775844,-1.74500558253449,0.450152918566939,-3.87647288412504,0.000105981614792458,0.000898216082393933
"g590",16.5926368255541,4.30607162012498,1.11119673110797,3.8751658455937,0.00010655210513658,0.000899334846235085
"g339",98.5604972022717,-2.4459627899117,0.632175871580377,-3.86911759823581,0.000109229951927112,0.000918158325420107
"g3325",1330.29482137175,1.49831774142584,0.387478598522256,3.86683999358942,0.000110254714816288,0.000922989469747781
"g476",506.067965057216,1.7196702113963,0.446166378799693,3.85432496285953,0.000116049373102131,0.000966960047101849
"g528",46.2059034436881,3.30439693447955,0.857729615784862,3.85249252639583,0.000116921546407245,0.000966960047101849
"g884",88.8671906158704,-1.67388200661984,0.434486314788941,-3.85255403828532,0.000116892168980275,0.000966960047101849
"g2059",813.837427804149,1.7427564942164,0.452564068501237,3.85085033371719,0.000117708419283171,0.000969558104216
"g2505",782.54409238836,1.49824254547347,0.38951137696416,3.84646671209125,0.000119833402725144,0.000983113235957083
"g892",62.2726729981819,2.09007108836094,0.544678084966452,3.83725937585624,0.000124415043989094,0.00101663448295471
"g1138",568.620679984138,1.23359879245093,0.322670229902596,3.82309453469974,0.000131787223371676,0.00107260156799725
"g206",6668.65366007021,-1.28767364199831,0.337263768511658,-3.81800170140067,0.000134536998055065,0.00109065368779027
"g1236",4473.99579699546,1.52321364806971,0.399099102001188,3.81663010623656,0.000135286751438428,0.00109241388661503
"g1059",4427.03930630565,1.21221547528775,0.317837106274114,3.81395202560865,0.000136762027854534,0.00109999576129274
"g372",27.5969474702446,-3.44024281297639,0.902537536646623,-3.81174485635092,0.000137989271692574,0.00110553123531824
"g532",7.53227015249222,6.4577886456984,1.69618410329256,3.80724511753343,0.000140523447991126,0.00112145366470739
"g453",56.8006852850251,4.08541980329316,1.07393446793774,3.80416117115443,0.000142285521290598,0.0011311147448334
"g2562",570.64382352445,-1.45310601331997,0.382113905462913,-3.80280851480556,0.000143064935077239,0.00113291962101705
"g361",506.781238510405,-1.93160810422429,0.509711789233628,-3.78960845133392,0.000150884926864814,0.00119024994230667
"g103",129.772075786098,1.96165024465319,0.519265541523507,3.77774007283013,0.000158257923425681,0.00124362835611522
"g2915",66.1217220728214,1.99419250828957,0.528076117055402,3.77633534992902,0.00015915268154085,0.00124588606809268
"g2916",850.851137945297,-1.42393736760992,0.377250100454996,-3.77451819334846,0.000160317208611779,0.00125023039871771
"g2245",8012.50787029916,1.26494831825596,0.335350025805466,3.77202391804719,0.000161928729452298,0.00125801448525251
"g2773",5254.99249861998,-2.22575393098827,0.591943396546425,-3.76007899399501,0.000169859712050216,0.00131465007326412
"g975",303.460035726742,1.726724662591,0.460554520687931,3.74922964606186,0.000177378602722159,0.00136768238414717
"g1350",644.826377304096,1.58183829743818,0.423618816430996,3.73410773101447,0.000188381850906403,0.00144708305696267
"g1371",18.1593247521761,-4.13075418611233,1.1072396679983,-3.73067756286226,0.00019096549828739,0.00146145610816208
"g3229",577.820525840376,-1.7146411657463,0.46026152777921,-3.7253627823719,0.000195034524105087,0.00148704761687559
"g2825",59.4828607393284,2.1684552414223,0.584049188302721,3.71279557416038,0.000204982452173877,0.00155710744225416
"g452",3976.9190704298,1.14862637452418,0.309602678258886,3.71000141530982,0.000207258088693165,0.00156858428010953
"g1552",438.768106260555,-1.36151961154894,0.367453288845621,-3.70528623060156,0.000211152149278253,0.0015911459977324
"g1696",156.626433720192,1.64821646342248,0.444920293536891,3.70452075880826,0.000211790764203288,0.0015911459977324
"g2918",274.820658062472,-2.0409805016977,0.551583668387089,-3.70021923902466,0.000215413285655743,0.00161245492291945
"g2860",45.3064402506318,2.71884981768839,0.735743306126139,3.69537825903409,0.000219559665741714,0.00163751590704093
"g2721",245.267216718147,-2.83182565526906,0.767806261372021,-3.68820338897572,0.000225843095193044,0.00167827604435121
"g212",503.024974247566,-2.33442270182961,0.63344080570542,-3.68530521053175,0.00022842873275547,0.00169136220534827
"g143",369.031639041246,-1.56210417113063,0.424496617752916,-3.6798978031902,0.000233327443439633,0.00172141937588017
"g939",729.248895438227,-1.57484899730132,0.428531237257887,-3.67499230016127,0.000237856587947496,0.00174854430781474
"g3024",2082.90255313329,-1.76942446568556,0.482318069779139,-3.66858423217651,0.000243897340300134,0.00178654801769848
"g2182",33.5868776278532,-4.4775613023583,1.22162187217751,-3.66525960637652,0.000247087811456558,0.00180347722881637
"g533",16162.2923180956,2.89690201401547,0.791213715318861,3.6613394812652,0.000250900038996148,0.00182480843964929
"g2705",507.214961199175,1.3536249762494,0.370847728708333,3.65008296252505,0.000262155622737312,0.00189993350612801
"g2376",1587.80968852241,-1.79911415608421,0.494437566961147,-3.63870845644216,0.000274008784315305,0.0019788451289813
"g542",79.8082770920665,1.52479052658949,0.419846909262021,3.63177742398929,0.000281475845784287,0.00202563845510025
"g1334",371.281203472274,-1.33987507793902,0.369828255113867,-3.62296568586002,0.000291244471300914,0.00208860982740621
"g2624",10895.3644105675,-1.90424131214365,0.527700719385944,-3.60856303997369,0.000307897702212196,0.00220034211580911
"g3028",277.948768114707,-2.11652031724737,0.588793157910205,-3.5946754625334,0.000324796191791017,0.00230528968380279
"g3220",367.423456969073,-2.1702478792453,0.603744295409661,-3.59464742896281,0.0003248311646119,0.00230528968380279
"g275",167.617126681866,-1.50080818340554,0.417934901645598,-3.59100945505192,0.000329399684584215,0.00232164519959528
"g293",189.460304243963,-3.01587235288009,0.839743499029489,-3.59142089979334,0.000328879998206245,0.00232164519959528
"g1013",45.7425751682003,-4.9246878962372,1.37251453545026,-3.58807704329457,0.000333125862517571,0.00233986693158746
"g1656",145.416520836806,-2.02208062418254,0.563779445707145,-3.58665190719441,0.000334950972609748,0.00234465680826824
"g842",74.1795422144996,-2.12202253562744,0.59307007305959,-3.57803003729413,0.000346193673898046,0.00241511301076494
"g876",114.122245035895,-1.5357126938794,0.429369537273853,-3.57666895427637,0.000348000426062031,0.00241948770797704
"g3021",3096.94479814853,-2.48254277523277,0.696456723035038,-3.56453271699967,0.000364504985284496,0.00252567474600845
"g176",526.470944274629,-1.91464462042567,0.537778185514772,-3.56028688406714,0.000370449856870649,0.00255822443246364
"g3157",1823.27965236414,1.59628228887101,0.44893490602759,3.55570989789088,0.00037695985109919,0.00259444514967933
"g2758",1015.04079999354,1.55260152390866,0.437520376583988,3.54863820522108,0.000387228728971247,0.0026562077696322
"g2350",12.2453366479788,6.16863935082221,1.74260127509987,3.5399029249928,0.000400274236062092,0.00273654152721117
"g368",145.55032504658,-1.88475713109294,0.533304030602848,-3.53411379426929,0.000409144886092481,0.00278789422383947
"g122",1442.43969416137,-1.93165591569996,0.548491085527641,-3.52176355581373,0.000428686307625498,0.00291137621503277
"g2204",594.893321469283,-1.64761337098699,0.468120144239694,-3.51963783498997,0.000432136432184924,0.00292512152610983
"g3215",634.749797066811,-2.19686369322336,0.624358602012204,-3.51859281852326,0.000433842021594465,0.0029270065338495
"g1657",3633.50971486037,-1.81188238338494,0.515651271831617,-3.51377468138313,0.000441787382338273,0.00296201249079358
"g1710",505.20807231507,1.61300713724918,0.459062860687333,3.51369556411969,0.000441918977173493,0.00296201249079358
"g2725",1364.12065706407,1.14395536968436,0.325866795937292,3.51049994643976,0.000447264898087738,0.00298807917256661
"g624",20.8821515280102,3.58794618178702,1.02332531316454,3.50616381284622,0.000454615333642671,0.00302732483539324
"g1346",3875.32458428313,1.32562051294138,0.379094462991981,3.49680789974877,0.000470860768772493,0.00312535740049315
"g1086",844.597019537237,-1.37466471388671,0.393277543374919,-3.49540607401582,0.00047334101612813,0.00313168523896385
"g2370",710.031288921208,-2.27903382929985,0.652284813695664,-3.4939244045672,0.000475975775459608,0.0031389913680632
"g561",13.655485588747,5.36228613637473,1.53528270944632,3.49270274678503,0.000478158455565821,0.00314327882168429
"g2431",936.231735102101,1.14824290730483,0.329367589092495,3.48620491308382,0.000489925566335463,0.00320925782957071
"g3335",27.1532686360699,-3.1651928327131,0.908118058057771,-3.48544201343449,0.000491324699407705,0.00320925782957071
"g2154",333.784170738727,-1.57433902681799,0.45202838098361,-3.48283225799283,0.0004961391301563,0.00323041700301769
"g3145",2475.7478939095,-1.03793391088748,0.298623487982654,-3.47572763917275,0.000509469407137287,0.00330671441151448
"g2092",8.07663123675172,5.5706413148195,1.6031369666152,3.47483803993438,0.000511161869812534,0.00330723342266721
"g3008",101.54124713786,-1.67019308394408,0.483495089802415,-3.45441581346073,0.000551486364951562,0.00355691363055237
"g2074",977.553214532554,1.12621305185753,0.326626969731683,3.44800998148649,0.000564733167033067,0.00363093330904333
"g440",60.7282751985462,-2.3044531521395,0.669001722158997,-3.444614678573,0.000571873988301828,0.00365393629285685
"g1704",13.1903549226726,3.71044046216636,1.07710484087491,3.4448275797855,0.000571423766486157,0.00365393629285685
"g180",2655.93719598448,1.98670900834092,0.579514161489168,3.42823202669579,0.000607525980656466,0.00386809798677891
"g407",9.49359627090474,-6.62345871151561,1.93244546968562,-3.42750096466791,0.00060916413931233,0.00386809798677891
"g2851",1282.17235996875,-1.39429180964383,0.408789847588102,-3.41077895615627,0.00064777583275911,0.00410058096601523
"g1606",359.573841939966,1.13496039757397,0.332942879526641,3.40887421646497,0.000652315493182679,0.00411549383402852
"g2862",11.5647958507651,-5.06965680499499,1.48752726995265,-3.40811016201159,0.000654144802483324,0.00411549383402852
"g3035",418.275897704674,-1.48000463736282,0.434416703692463,-3.40687783131508,0.000657105320269212,0.00412147710052646
"g2188",91.2421459801088,-1.7390710189667,0.510834709975608,-3.40437128684882,0.000663165457711107,0.00414680595660208
"g511",89.7780497399354,-1.6699673477811,0.491908852331005,-3.39487150895464,0.000686608159416485,0.00424383854606593
"g616",1352.56857621295,-1.85577892690985,0.546577414058151,-3.39527188496745,0.000685604796834154,0.00424383854606593
"g847",4073.01067320454,-2.74844338268828,0.809477951798777,-3.39532828112346,0.00068546357476625,0.00424383854606593
"g1703",501.074385245631,2.34554700759268,0.690937445505012,3.39473135064825,0.000686959725643047,0.00424383854606593
"g840",1739.34910375408,0.98847007615187,0.291450639111336,3.3915522682188,0.000694979058993946,0.00428048663662637
"g2306",18.1971525441103,-3.04317655679026,0.898123894646825,-3.38837055213518,0.000703092076496569,0.00431749056555229
"g286",582.84312927078,-1.07177705566909,0.316575769744692,-3.3855309158166,0.000710407067426006,0.00433644314074624
"g967",35.8488215513329,-3.4297965371142,1.01300646144271,-3.38575978304179,0.00070981488853747,0.00433644314074624
"g1100",3075.02381101428,-2.28559573195809,0.675934476005673,-3.38138652945245,0.000721210130098846,0.0043893233733909
"g1372",11.5470917066511,4.627625178059,1.37056710760216,3.376430933145,0.000734328059924695,0.00445593742871464
"g551",228.649110377438,-1.82513516124877,0.54177810034836,-3.36878725824323,0.000754996783542239,0.0045678418968883
"g1339",327.98949201577,-1.58976598246634,0.472605349793423,-3.36383408093291,0.000768677400051783,0.00463693337501825
"g2037",2060.91910652556,2.02500656969263,0.602677785507287,3.36001528244174,0.000779381611377392,0.00468771755112912
"g2176",1486.22920565509,1.41710136199873,0.42232209424917,3.35549899305681,0.000792219449125861,0.00475100026361737
"g832",10.8569062446196,-3.81689361065324,1.14021775326645,-3.34751287613157,0.000815401997106607,0.00487577112555583
"g547",963.468594379124,1.4679406956947,0.438746215478628,3.3457626388716,0.000820566064090174,0.00489238662049113
"g2199",148.612227024967,3.35446902535669,1.00344867973731,3.34294029489863,0.000828957332375814,0.0049280912716023
"g113",2003.47791144202,1.1252487922923,0.33693768944207,3.33963467890928,0.00083888663608777,0.0049727066202775
"g1071",184.896834567513,-2.07974757625066,0.625520846550031,-3.32482536388867,0.000884739340075702,0.00522939592649932
"g3166",1002.07013076457,-1.69869945662443,0.512441128555808,-3.31491631323935,0.0009167056419102,0.00540276802171787
"g753",3070.37361123189,0.990556422831733,0.299505796171572,3.30730301547918,0.000941989364372798,0.0055200576752246
"g2507",119.579968889471,1.9575555614943,0.591881895655665,3.30734150826795,0.000941859920862219,0.0055200576752246
"g2324",202.125519487108,-1.4527347155515,0.439368389080669,-3.3064161001459,0.000944976450671645,0.00552178547101864
"g110",161.998915534465,-1.99152764011776,0.60691890859133,-3.28137352770921,0.00103302840533093,0.0060191513049254
"g2897",1323.86625559823,1.04941158829598,0.320238665991466,3.27696714900739,0.00104928576905887,0.00609655839189729
"g668",908.561841660173,-1.68039192686152,0.513030707799097,-3.27542172684049,0.00105504346288783,0.00609823994393827
"g2166",1679.08920074941,1.21644406913485,0.37139999755139,3.27529369185452,0.00105552178454319,0.00609823994393827
"g720",371.643338584106,-1.25323525701053,0.383008822381985,-3.27207934589205,0.00106759609751831,0.00615067302250015
"g905",1540.21428768566,-0.999227050672284,0.305743621080983,-3.26818609375866,0.00108239171289047,0.00620107654507921
"g2007",58.0286223121241,-2.1296793585518,0.651545804876815,-3.26865639009747,0.00108059441739345,0.00620107654507921
"g1743",927.777081977894,-1.51920255174493,0.465017845327463,-3.26697688488732,0.00108702555540965,0.00621027691962451
"g1962",232.145927431174,1.72286487808517,0.528289107513541,3.26121597735385,0.00110935507476462,0.00632024238428398
"g2566",288.780610323624,1.33571906156439,0.411002021520302,3.24990873919195,0.00115442048483877,0.00655877123103689
"g523",1009.13827534227,-1.0682241699908,0.329324198426326,-3.24368562983013,0.00117993896810515,0.00668523431929188
"g2733",71.6364381114319,-1.94477043802064,0.599771245903967,-3.24252029636652,0.00118477509093349,0.0066941424559355
"g936",335.512925575281,-2.06767115069273,0.638165497381647,-3.24002340956422,0.00119519886807291,0.00671603528333573
"g3185",507.00020427884,-1.47314454032716,0.454636153551946,-3.24027143204053,0.00119415966890073,0.00671603528333573
"g760",558.977607449161,1.3882273407941,0.428644635142787,3.23864391847962,0.00120099411471755,0.00673016100897732
"g2836",2229.82462199954,-0.972676188938079,0.300597432600295,-3.2358100351158,0.00121298079231875,0.00677881091293124
"g2232",1550.01389298979,1.12831855670573,0.348845909316845,3.23443252900787,0.00121884715335562,0.00679308562916405
"g1472",3136.95051234132,-2.43972531071931,0.755285895508543,-3.23020107382862,0.00123703186043422,0.00687575161450021
"g287",1657.6263438961,1.66211861218076,0.516633371388458,3.21721109055305,0.00129443322358581,0.00714748348908544
"g1324",574.813454463453,1.50260454463579,0.467138476945443,3.21661481293754,0.00129712620974093,0.00714748348908544
"g2180",475.452606878256,-2.64695955234629,0.823056790235163,-3.21601083151261,0.00129985925959477,0.00714748348908544
"g3124",2537.51585629105,1.10591920725533,0.343726848361191,3.21743620705829,0.00129341786584361,0.00714748348908544
"g570",611.563165459685,-1.42683097159901,0.446366770413764,-3.19654388761151,0.00139084666035804,0.0076273435839421
"g831",174.263423497727,-1.77167281708665,0.556227952944927,-3.18515602768001,0.00144675981523369,0.00791281168278479
"g644",190.519399362279,-2.81606903637811,0.884417465666905,-3.18409478068665,0.00145207458396491,0.00792075790348944
"g338",2620.28952715135,-2.58590915685267,0.814526290756416,-3.17473995155054,0.00149970837669884,0.00815889092999818
"g656",827.93765936936,-1.4748596717068,0.464720825446668,-3.17364660877686,0.00150536853950764,0.00816801818658774
"g698",5476.60903365859,-1.78546365361862,0.562953364595374,-3.17160135440692,0.00151600955808369,0.00820405172461648
"g845",5813.43249387493,-1.02120917866379,0.32251781859183,-3.16636514262241,0.00154356899836471,0.00831158395859085
"g3338",10.8817431433671,5.03509282502927,1.59022010175374,3.16628674199026,0.00154398512346324,0.00831158395859085
"g172",537.880362855036,-1.84301669800409,0.583242151956285,-3.15995113148514,0.00157795602982256,0.00847221941666513
"g945",3276.8259033775,1.78471382953756,0.565123806577555,3.1580935164384,0.00158804605800822,0.00848198558587202
"g1197",1202.65854178545,0.965907242801768,0.305796525400618,3.15865996690561,0.00158496298574984,0.00848198558587202
"g3111",848.821646785238,0.975367949140612,0.30893496965285,3.1571950246896,0.00159294768800526,0.00848606677428257
"g188",461.014922801036,1.31804064886184,0.417990676144052,3.15327763054601,0.00161448179789646,0.00857457318082547
"g2695",17.7310876067725,-4.13532535806876,1.31169566861593,-3.15265610538477,0.00161792287712309,0.00857457318082547
"g2268",69.542061099017,1.82897678743909,0.580363358524193,3.15143394319379,0.00162470908393839,0.00858834621432383
"g1335",542.052914820209,-1.1204144322664,0.355754966089402,-3.14939927496286,0.00163606496579125,0.00862614201757804
"g1680",7797.13622702339,-1.99428670671783,0.633388089527913,-3.14860152833668,0.00164053724493824,0.00862754330607264
"g2682",25.7449147983137,4.31497937081744,1.37457227641283,3.13914331378637,0.00169442556556958,0.00888815047310285
"g422",1202.17758466475,1.07079165458618,0.341477088860888,3.1357642709154,0.00171406918312492,0.00896825483313572
"g2850",3119.53626533299,1.38643069877889,0.44332417508665,3.12735189437369,0.00176388666184793,0.0092054237746822
"g1709",4260.07315811085,1.3546109156857,0.434074422839976,3.12068816868551,0.00180428983379059,0.00939238185051904
"g2318",1414.95523109444,-1.57196211273464,0.504247986164532,-3.11743855377882,0.0018242997135645,0.0094725030696729
"g1721",1853.59933164099,-1.06962848416917,0.343212127258987,-3.11652298743521,0.0018299741271108,0.00947797205733398
"g2178",908.468479449492,-1.09344014859463,0.352116653524601,-3.10533494411458,0.00190063664799609,0.00981915809833747
"g3149",708.648459024094,-1.51279908108517,0.488931606954375,-3.09409140167601,0.00197416656443003,0.0101734060895628
"g29",755.945841128829,-1.34854517985967,0.437213585287043,-3.08440822801587,0.00203957523319046,0.0104579220081841
"g1075",15.5872213665906,4.66137117150791,1.51104671355588,3.08486238690697,0.00203646353584452,0.0104579220081841
"g1098",19.6599069971486,2.26249322186965,0.734347637898618,3.08095662749582,0.00206336702678562,0.0105535306033349
"g591",276.7160343785,-1.324342539812,0.431044614539945,-3.07240247329265,0.00212343208309847,0.010833729359291
"g2693",5.67833803377953,-5.88750786122583,1.91674271711633,-3.07162135462988,0.00212899602781091,0.0108351634070476
"g1120",60.7791938031724,-1.90076807583986,0.619283911701129,-3.06929994454172,0.00214561053625047,0.0108749259320312
"g1471",227.57933704297,-1.82269624356425,0.593896098195378,-3.06904902911928,0.00214741345805589,0.0108749259320312
"g1963",2722.49057726663,1.77883616721226,0.580542008388774,3.06409552023498,0.00218329187629117,0.0110293882716088
"g2234",662.058939245149,0.953648862638668,0.311458426748809,3.06188171754873,0.00219950348718916,0.0110839844035012
"g1347",4390.87185836063,1.29514873459427,0.423339183269845,3.05936418308983,0.00221807334553605,0.0111501677247413
"g2139",124.697123314076,1.5192752518711,0.496811942370377,3.05804897648468,0.00222783161743699,0.0111718402136021
"g165",3229.47943704584,1.10327600983474,0.361671472761973,3.05049220888052,0.00228466607843157,0.0114010951991804
"g2203",234.193924053647,-1.99103896603125,0.652681206609751,-3.05055354109763,0.00228419950085947,0.0114010951991804
"g24",6.03901143966761,-5.97553437252981,1.95968241433676,-3.04923610520442,0.00229424096217384,0.0114210878966469
"g2374",66.7787265211106,1.64577980010718,0.540128891335906,3.04701308614811,0.0023112764734756,0.0114780340123449
"g17",529.523887829342,-1.44195686197087,0.476711234641294,-3.02480150914816,0.00248796349056803,0.0123256355535145
"g254",497.62689415843,1.29467220690235,0.428986498313797,3.01797891540007,0.00254466608682744,0.0125761690218869
"g205",13.4128127375547,4.27149264906073,1.41824916322162,3.01180692351535,0.00259697719427607,0.0128038466958178
"g33",4184.89161838723,0.941780833783903,0.313643395986083,3.00271214327016,0.0026758540104812,0.013117376515063
"g2786",42.3702360584143,2.11106495296771,0.703156601761568,3.00226855252302,0.00267975658693876,0.013117376515063
"g3144",180.653187158796,-1.3844052990918,0.461042328409006,-3.00277266052598,0.00267532200089621,0.013117376515063
"g695",14965.3921974107,-0.900707856125492,0.30081472533289,-2.9942279425608,0.00275140307355095,0.0134041038096271
"g2342",61.6037150506577,-2.26101839977685,0.754946039145613,-2.99494040969563,0.00274498463156819,0.0134041038096271
"g34",19.8206400628428,3.80352108600938,1.27132251860413,2.99178299003585,0.00277353344089698,0.0134480309391955
"g2455",83.9490262904575,1.73728617151537,0.580678433889106,2.9918214111722,0.00277318442011873,0.0134480309391955
"g3344",1760.31414441372,-1.36875683312007,0.458954834472382,-2.98233449200639,0.0028605927173241,0.0138374426019616
"g2343",897.276041352367,-1.92707521260456,0.646336714705365,-2.98153449859804,0.0028680773031222,0.0138410036440085
"g1672",862.193927883647,1.66505912106372,0.558612198810977,2.98070669528493,0.00287584088994942,0.0138458912330664
"g1198",13.1741265904676,3.25035872335335,1.0919064614908,2.97677396186079,0.00291298691392602,0.0139918879636119
"g2779",30.9556893129407,2.02788379681565,0.68151410030266,2.97555662592317,0.00292457351437381,0.0140147202756558
"g1731",974.400352195862,-1.36048805037625,0.457767919022216,-2.97200392129319,0.00295862905277622,0.0141119725284745
"g2463",925.385811552133,1.02033710827917,0.343287444450829,2.97225291740991,0.00295623048380416,0.0141119725284745
"g480",4.58709132395928,5.74936893954726,1.93763927352117,2.96720293509495,0.00300522532438848,0.0143009678429716
"g192",34.7610501273892,-2.64584162089695,0.892003251561031,-2.96617934549751,0.00301524601251382,0.0143154388233006
"g1196",2032.52866126589,1.0911483228281,0.36801295999518,2.96497254564729,0.00302709942926017,0.0143385240864033
"g2052",104.206499752397,1.38253606530633,0.466602936001935,2.96298192452993,0.00304674459708742,0.0143983252733325
"g654",390.288567156496,1.00609502232068,0.339793226351673,2.96090370347586,0.00306737828289761,0.014462512317754
"g1158",15381.2841723189,1.64945965457161,0.557595714956219,2.95816415070751,0.00309477273469329,0.014558208437743
"g1316",116.38151550406,-1.72742908628377,0.586504117920304,-2.94529745572647,0.0032264431502785,0.0151428716275085
"g242",126.743131163168,-1.57107495966801,0.534171979252084,-2.94114072001256,0.00327005941938292,0.0152123513656895
"g697",476.477615178463,-1.74247931962699,0.592466495986363,-2.94105967414418,0.00327091514006293,0.0152123513656895
"g762",91.8057327060234,-2.01234670025752,0.684069543779931,-2.94172824759598,0.00326386212044725,0.0152123513656895
"g2097",5045.41203262228,1.54055854914613,0.523633005088696,2.94205776598284,0.00326039101330252,0.0152123513656895
"g2181",13.8657347449191,-4.33937587677319,1.47619638258051,-2.93956544534244,0.003286728511651,0.0152174540789067
"g2832",61.4846292044574,1.55115896378622,0.527685164678025,2.93955386206979,0.00328685136857907,0.0152174540789067
"g1975",1136.94732713237,-1.88309360757655,0.641085613990161,-2.93735121562945,0.00331028971396754,0.0152914509084401
"g594",20.7474288172078,3.04981979959641,1.04130612847685,2.92884072818958,0.0034022870941368,0.0156811029889316
"g151",330.562184056148,-1.27597204311218,0.435848754392423,-2.92755693403528,0.0034163650495164,0.0157106832209824
"g2610",12.7857479853252,3.01895281625239,1.03224111398607,2.9246585660539,0.00344834346324984,0.015822264973435
"g1784",111.149903910076,-1.21558783983485,0.416040186621932,-2.92180390001482,0.00348010579112884,0.0159323593250117
"g1134",78.0856518514043,1.46893273893324,0.503230836260691,2.91900383102175,0.0035115190818345,0.0160403689016538
"g721",9.24334174917347,-4.7369472273427,1.62327636623665,-2.91813971167749,0.00352126539599002,0.0160409466130994
"g2112",212.461935181998,1.25660457487119,0.430697018052145,2.91760686097681,0.00352728762677125,0.0160409466130994
"g1934",388.809954002046,-1.38049287225569,0.473948208199798,-2.91275048279901,0.00358260742610465,0.0162205912382796
"g2039",286.002085389105,1.08562967382473,0.372677094160263,2.9130571501072,0.003579090920298,0.0162205912382796
"g2465",43.0353823403178,1.57921104104229,0.543034404816941,2.9081233657279,0.00363604868344894,0.0164262904179599
"g2121",1805.26634789923,-0.983887924128098,0.338461391152752,-2.90694285920505,0.00364979861109691,0.0164521691238676
"g2804",3330.61668515569,0.882694654544967,0.304284989942079,2.90088135702319,0.00372114738741867,0.0167370028324467
"g802",6325.9581799802,2.44382926345306,0.843806910901499,2.89619488994484,0.00377717743346437,0.0169148273275882
"g1531",29.7617854968068,1.8175217731312,0.627415427958329,2.89683946575173,0.00376942586402476,0.0169148273275882
"g1613",1019.22813765897,0.944608355954775,0.326392565414911,2.8940866185294,0.00380263247139293,0.016954780867015
"g2435",308.805941625966,-1.74403892284656,0.602608066077675,-2.8941513083261,0.00380184910139152,0.016954780867015
"g1986",29.5897209399352,1.91369247130493,0.661605112295589,2.89249952235849,0.00382189763254607,0.0170037137621518
"g1768",3574.08835012323,1.14073488489459,0.395266786122436,2.88598719888707,0.00390188027266195,0.0173219836346962
"g2706",10423.3271868371,1.1577486230171,0.401369260911879,2.88449748340663,0.0039203889204166,0.0173665608548044
"g2557",1633.70323290113,0.925954149765682,0.321922880150959,2.87632289240042,0.00402337908592853,0.017784376088878
"g1352",72.4683611136092,2.29137188903515,0.79768705743105,2.87251982803195,0.00407212524369753,0.0179611373652121
"g880",133.890501164176,-1.52674180106575,0.532750204534579,-2.86577421851869,0.00415990818295916,0.0183089521099769
"g131",578.657697303356,-1.22595844512253,0.428392396920072,-2.86176518056007,0.00421288909003502,0.0185024315281838
"g2141",348.252298181358,1.38053352418762,0.482927711625202,2.85867530679011,0.00425413974954121,0.0186436765519423
"g1785",552.283142017279,-1.22661874459783,0.429274805435279,-2.85742076885704,0.00427099247559203,0.0186776238111711
"g1723",1318.01448491638,-1.37321633327388,0.48132175478933,-2.85301115025422,0.00433071019801273,0.0188984821619662
"g1944",26.5486731542469,-2.77572867475114,0.974444092251253,-2.84852532518144,0.00439223575015549,0.0191262749969616
"g1670",257.496521882353,-2.05299861102524,0.72191687175803,-2.84381580669492,0.00445768092153006,0.0193701346823266
"g2289",346.369380166114,-1.14688960675753,0.403428079708166,-2.84286013900463,0.00447106858640592,0.0193872339761491
"g3214",464.674954467633,-1.37158121711699,0.483382789714869,-2.83746390293712,0.00454734883452624,0.0196763975941209
"g662",2692.90072370865,-0.929034264406765,0.327699963901998,-2.83501485122105,0.00458235554180591,0.0197445613786637
"g2003",357.75409412841,1.23962190128623,0.437248110830604,2.83505376142489,0.00458179745713353,0.0197445613786637
"g791",1623.72821042653,-1.0181512483565,0.359351574249807,-2.83330120504417,0.0046069953237816,0.019756091748723
"g2858",5.40968284285581,5.9751621172059,2.1092625288207,2.83282049321127,0.00461392878968226,0.019756091748723
"g3373",417.233976180526,1.49472214963151,0.527633589929793,2.83287906259038,0.0046130835189117,0.019756091748723
"g1171",10.3115046427103,3.05057673113971,1.07765693963125,2.83074939617013,0.00464390909368453,0.0198430365648895
"g3125",235.413127515445,1.16824001626277,0.413101634560626,2.82797238869632,0.00468438466226366,0.0199743720214195
"g2550",1395.02489593521,-1.26073563771097,0.446844890825223,-2.82141670095561,0.00478120526578045,0.0203027991720822
"g2826",20.8859059952845,2.57029127108088,0.91089915918675,2.82170780943045,0.00477686776703749,0.0203027991720822
"g3102",27.3916491476832,2.2110066985686,0.784194636740869,2.81946164252996,0.00481042798760807,0.0203846855425292
"g213",6226.02719113914,-1.64836844982102,0.585557643924867,-2.81504044379364,0.00487710956559516,0.0206246427196612
"g2389",2555.97729419586,-1.04251496775014,0.370487122908103,-2.8139033809516,0.00489439366051304,0.0206551469088729
"g567",229.293825325231,-1.51786258901658,0.53974608621134,-2.81217896302125,0.00492071168449862,0.0207235722072005
"g2803",142.377327995312,1.14045982069528,0.406818993233077,2.80335933096881,0.0050573288493025,0.0212552898973759
"g3336",7441.95606045052,1.01689034873957,0.363162643940721,2.80009622604673,0.00510873752083164,0.021427445102711
"g3023",676.985903740745,0.908441952536914,0.325429381404737,2.79151792814639,0.00524614512675379,0.0219588646019837
"g527",1105.19693166386,0.800317901895308,0.286945448561329,2.78909425435356,0.00528556799384684,0.0220788186463948
"g2153",68.1614325340489,-1.26525841753414,0.454809413631193,-2.78195301067394,0.00540328627016595,0.0225246750815251
"g1357",792.420049211801,-1.23956304858483,0.445868217530062,-2.78011080370682,0.00543403534587921,0.0226069097249458
"g1398",1711.92710627439,0.841422137496126,0.303941297430327,2.76837055250449,0.00563373608167878,0.0233902686306137
"g219",593.514398660702,1.15026868199071,0.416314158954857,2.76298237100179,0.00572758598833144,0.0237318764890258
"g1602",2017.9553343518,-1.07655318496851,0.390947516914166,-2.75370257743539,0.00589252905056301,0.0243660828280337
"g2233",178.035289899877,1.19832393832872,0.435604083453656,2.75094744022576,0.00594231768700485,0.0245225222858087
"g2098",2606.78690900057,1.37588380774258,0.500583476846786,2.74856017303923,0.00598576468511387,0.0246522156007401
"g537",68.0942759445601,2.90497630613286,1.05811619438887,2.74542278205152,0.00604329874286116,0.024839290023263
"g1913",2556.06730978408,-1.74528619621561,0.636266014213792,-2.74301338941101,0.00608782031123597,0.0249722389166899
"g1404",250.018243096658,1.69475634595041,0.618011724975047,2.7422721567602,0.00610157636018597,0.0249787088118591
"g461",18.9673360980158,-2.53914808949232,0.927032140112696,-2.73900761324591,0.00616249463867442,0.0251778416412774
"g2423",89.2316930519334,-1.78655028844047,0.653030658984688,-2.73578317320989,0.00622320165446623,0.0253753212590661
"g265",1105.83759113334,-1.28555570070566,0.470085399656127,-2.73472799122469,0.0062431843350361,0.0254062918078552
"g3133",103.340685152447,1.14720855757372,0.420146811432857,2.73049449943772,0.00632393884252478,0.0256839575564719
"g1362",64.150509037374,-1.53166024928784,0.561184549204547,-2.72933431873508,0.00634623297929688,0.0257235649022488
"g1952",3958.17956804235,0.897649981957158,0.329610318716153,2.72336735528652,0.00646201591445571,0.0261412123087745
"g3136",131.187692881208,-1.44417015308287,0.531224814258157,-2.71856681826812,0.00655654115759915,0.02645969319674
"g3196",51.2119233346241,1.90072010950715,0.69929229745396,2.71806241313889,0.00656654502054639,0.02645969319674
"g1106",530.710453237127,-1.06610271499918,0.392666367680325,-2.71503444844839,0.00662688768255636,0.02665048360181
"g1074",2028.8713378222,0.925003024276349,0.340821260446598,2.71404143938751,0.00664678511246946,0.0266781923007336
"g236",496.022166834178,0.880748899016304,0.324600151894479,2.71333483325855,0.00666097643286408,0.0266829348902427
"g385",1447.85062964733,-0.877114622053805,0.323638950243223,-2.71016396943146,0.00672499532514148,0.0268868721478853
"g363",4.14772628263554,-5.43252705694832,2.00898835519925,-2.70411077440493,0.00684874533105646,0.0273283592879315
"g2578",107.618918119826,-1.73674873895817,0.643632902250302,-2.69835294759803,0.00696835168345855,0.0277516297141233
"g106",29.5851626613608,-3.13866898511346,1.16482020308016,-2.69455232388123,0.00704832591534788,0.0280157295588731
"g1669",6474.55086366316,-1.0853870503218,0.40304021951178,-2.69299935286005,0.00708124064625296,0.028092117147901
"g961",120.320729639638,5.35531711781501,1.98963940522464,2.69160185697588,0.0071109780352271,0.028101379480252
"g985",1450.88334394838,0.902364368952144,0.335189634389341,2.69210105675285,0.00710034268957419,0.028101379480252
"g73",152.424948087172,-1.21841874431506,0.453558880116247,-2.68635186682439,0.00722369714845428,0.0284919285605379
"g51",18.2760897662225,2.22198622419862,0.830640115989825,2.67502878975549,0.00747228331117449,0.0293850891846655
"g2914",1117.51626051156,1.09263625141474,0.408502377974107,2.67473657517851,0.0074787989051172,0.0293850891846655
"g891",394.133901381606,1.9418527920779,0.726440942706709,2.6731048292,0.00751527617201428,0.0294666462013812
"g2013",1658.12724199669,-1.51862332929326,0.568235533670098,-2.67252440107861,0.00752828991200572,0.0294666462013812
"g3126",2052.0502060865,-1.10584693899743,0.414039508020515,-2.67087299056166,0.00756542667683452,0.0295556002175002
"g2812",1601.70925546531,-1.00977570019527,0.378661335869962,-2.66669872136627,0.00766003057658636,0.0298682941303776
"g2883",3.85719218665769,5.48770298182711,2.06195773732172,2.66140419975586,0.00778154811276985,0.0302845449322409
"g1460",687.937598038644,1.67286459885142,0.628877512587359,2.66008016723136,0.00781220544656966,0.0303462753237015
"g351",18.7355248993925,-2.08715537702249,0.785344162949498,-2.6576314888288,0.00786918866078827,0.0305098411026025
"g1692",428.508076841981,-0.87752854213552,0.330430259843939,-2.6557148323824,0.00791405065338708,0.0306258828115036
"g42",46.5876348649055,1.61328203852886,0.608342137297698,2.65193209481622,0.00800326358590875,0.0309127940013161
"g201",548.246987810753,-1.35364926790012,0.511413213265322,-2.64687973010554,0.00812382398652043,0.0312607185672672
"g2254",629.511485461069,0.899007861169566,0.339617614290513,2.64711788594258,0.00811810476582771,0.0312607185672672
"g2381",1421.89626682041,0.983161365375758,0.371710718180903,2.6449637239066,0.00816996752161087,0.0313794070914305
"g1245",40.2774512232562,1.91011177794565,0.722876703547001,2.64237562031415,0.00823266970902699,0.0315611319125502
"g2388",780.981501714226,-0.86168652912035,0.326234092693006,-2.64131354883016,0.00825852496830944,0.0316011841604527
"g2041",1198.22543797186,0.808202109424679,0.306068359618829,2.64059346229449,0.00827609619048913,0.0316094474612536
"g2023",34.0664855764172,3.38180273091223,1.28185148348262,2.63821727749952,0.00833431631930157,0.031772644555553
"g1160",347.677653363495,-1.09457290764654,0.417051911736905,-2.62454835199759,0.00867639724405718,0.0330153817208929
"g701",229.410684861723,1.19904693149193,0.457002776500106,2.6237191394649,0.00869754738042013,0.0330345734763735
"g1473",22.1220761177671,-1.97685465681929,0.75671700974592,-2.61240943623436,0.00899065090391176,0.0340847042586378
"g549",1154.43603939542,0.814419289014756,0.31213966472401,2.60915026526621,0.00907673749344649,0.0343475804410678
"g2903",4413.64579130193,-1.46669080262634,0.562413927970724,-2.60784936091178,0.00911130411004266,0.0344148890049678
"g1336",499.881619733101,-1.48638327970817,0.570294956875534,-2.60634126566995,0.00915152308566628,0.0345032607512896
"g1628",2296.70261189816,-1.08046922866904,0.415054813698646,-2.60319647672734,0.00923590074383697,0.0347058471833193
"g2599",209.76428913172,1.87878314235047,0.721836700985155,2.60278140441782,0.009247089235515,0.0347058471833193
"g2605",121.368598530353,-2.26906482945404,0.871895518789606,-2.60245038603252,0.00925602067736503,0.0347058471833193
"g981",144.874215814616,1.20797620739283,0.465472018317351,2.59516396229268,0.00945458044384118,0.035385665128318
"g645",4238.56970505673,-1.07676487700747,0.415290580223145,-2.59279870116222,0.00951984728516405,0.03556503967554
"g2681",645.578526440322,0.981410860437285,0.378694202570359,2.59156557923525,0.00955403304815046,0.035627857785012
"g2594",613.181800837198,-0.763120945568353,0.294599306775223,-2.59036911499119,0.00958730714142111,0.0356870543503715
"g123",2880.66441344348,1.00236159237583,0.387320341142716,2.58793945450566,0.00965519497953571,0.0358746465634561
"g2138",33.1544884424534,2.80922966221343,1.0866744071283,2.58516225631672,0.00973331806994251,0.0360995214492805
"g2946",22.3192450602418,2.00771503563699,0.777623152024942,2.58186118868616,0.00982691017509177,0.0363808533738506
"g2655",896.298712375486,1.07186419764808,0.416021879317102,2.57646112124568,0.00998174301837793,0.0368874863616092
"g3119",606.161505120976,-0.968396257218028,0.376032322879926,-2.57530057469888,0.0100153009828478,0.0369449322226995
"g3167",182.667593959418,-1.17054919558813,0.455797922231906,-2.5681319253416,0.0102248234496991,0.0376501129180122
"g552",874.272484169548,-1.01868272987334,0.397296794596971,-2.56403460517903,0.0103463228481675,0.0380292260960422
"g2107",7074.27885112453,-1.82472812850058,0.712715409529364,-2.56024789713123,0.0104597522244904,0.0383773735463862
"g291",8.65003866655233,3.72459158086262,1.45561044810123,2.55878321409493,0.0105039221148962,0.0384706147458072
"g2009",32.3784279710919,-2.5005316220974,0.977839802890577,-2.55719967085162,0.0105518630287346,0.0385773102886534
"g186",3978.70302704328,-0.874194448879168,0.342248020297075,-2.5542717474899,0.0106410171717991,0.0388340324187901
"g1383",666.026677977266,1.08569049997207,0.425348956131217,2.55247011735264,0.0106962084534915,0.038966116408723
"g200",1491.48357391111,0.93470568480651,0.36694011699367,2.54729761483843,0.010856080344157,0.0394784056486985
"g2611",9918.44467486149,1.57173263239036,0.617564026436576,2.54505211623069,0.0109261429666288,0.0396628658841691
"g2012",3553.72179325188,-1.47097376139953,0.578241108669311,-2.54387614326599,0.010962995016628,0.0397263299984169
"g2246",22.6640705720956,2.2524444344809,0.887147677018468,2.53897349091972,0.0111178247001375,0.0402163288535837
"g689",830.727514439828,-1.00639986919552,0.397094497947154,-2.53440899936483,0.0112637178548236,0.0406723333102873
"g2351",1239.19973767782,0.740840077391887,0.292893231384283,2.52938613122092,0.011426224368857,0.0411866189464423
"g262",761.81712805144,1.62001310728558,0.640669154849392,2.52862666326805,0.011450975971112,0.0412034240644749
"g1069",348.185750776897,-1.43951103778819,0.570513111393107,-2.52318659999438,0.0116296671568783,0.0417731126773334
"g2539",99.6551226587268,1.10275285734639,0.437173268195244,2.52246177333489,0.0116536615542987,0.0417861186151515
"g565",720.30207266232,-0.79391851469399,0.315265285388116,-2.51825542325922,0.0117937759843643,0.0421577841090628
"g2256",542.556420383353,-1.35534644756229,0.538238152183391,-2.51811664049503,0.011798424221649,0.0421577841090628
"g622",473.24622642467,-1.57263371206444,0.625077932685086,-2.51590022592708,0.0118728788647667,0.0422765183188135
"g3176",5375.21246981195,0.830913770765214,0.330201174720476,2.51638647702754,0.0118565089501526,0.0422765183188135
"g3213",1672.61473819275,0.879141077614577,0.349629626786707,2.51449250938594,0.0119203834814399,0.0423721083543038
"g433",33.1346880396649,-2.59833865176725,1.03362350335032,-2.51381537217872,0.0119432940348468,0.0423800969990843
"g1687",3243.22215142836,0.753022160243905,0.299756819919429,2.51211018467006,0.0120011611166665,0.0425118850609376
"g2140",3346.63264135747,1.03697865940624,0.413286006800441,2.50910662917013,0.0121036941872971,0.0428011668588732
"g2910",2713.71459072905,-0.984834632085465,0.392662654184921,-2.50809345271136,0.0121384559313883,0.0428502119023707
"g359",1423.25929581726,-1.38380120362499,0.552601596549116,-2.50415708580385,0.0122743524354209,0.0432554928609077
"g1337",745.28687756393,-1.40197629495704,0.560011720782482,-2.50347670044855,0.0122979777447943,0.0432644122719949
"g2671",175.758441188019,1.28720446232124,0.514359590307888,2.50253808148252,0.0123306359277516,0.0433050244654427
"g759",143.123964047098,1.17914881144558,0.471337798837645,2.50170644992498,0.0123596357698745,0.0433326717333547
"g800",1994.93408634684,0.851684411776775,0.341220149475137,2.49599683103952,0.012560372362762,0.043961303269667
"g2196",3100.0797780769,0.854465304097841,0.342431987225972,2.49528471630186,0.0125856099986767,0.0439745930277443
"g435",10.0197078881073,-2.80037039080692,1.12255688500925,-2.49463561998806,0.0126086533372306,0.0439801836643876
"g2620",67.3926278573063,-1.4449883535917,0.580544926862515,-2.48902072299721,0.0128095499062906,0.0446050710658779
"g699",326.525401167409,-1.55132674660648,0.62416295042678,-2.48545150836931,0.0129387213458785,0.0449785042040624
"g544",687.027421573705,1.04001309249566,0.418854147516214,2.48299580811815,0.0130282620743881,0.0451367660719088
"g2348",9121.47885826768,-1.43111100377838,0.576314904542929,-2.48321012088588,0.0130204259453244,0.0451367660719088
"g661",2448.31225925518,-0.810311141940244,0.326601817540366,-2.48103684187274,0.0131000832344485,0.045302586636032
"g708",19567.5495336525,1.11598056013344,0.449903792436696,2.48048711501019,0.0131203005664569,0.045302586636032
"g2018",204.211416484947,2.24153935299573,0.904080074832004,2.47935931273815,0.0131618641950799,0.0453514028723512
"g2909",844.949938630595,-0.865573721952272,0.349175918439834,-2.47890440388837,0.0131786621706101,0.0453514028723512
"g2266",3525.54451679569,1.13181525703702,0.457559401221499,2.47359196208302,0.0133762373187613,0.045954208946029
"g2569",1092.49110707186,0.901250738336526,0.364673367042223,2.47139171595214,0.0134588304270682,0.0461606374680883
"g2800",1142.13054568689,1.06899010202457,0.433157909842391,2.46789929892665,0.0135908547414528,0.0465356311764938
"g94",2037.45001441727,0.88966295359832,0.360671475908541,2.46668509439854,0.0136370227914339,0.0466158895753849
"g3132",1841.1320511457,0.75297451623164,0.306257787966397,2.45862977471207,0.013946835981551,0.0475956083164077
"g755",223.136375206422,-1.58318401335607,0.644657551499237,-2.45585273867367,0.0140550739737443,0.0478853101663615
"g3120",170.307490058804,-1.5786994881723,0.643783772381936,-2.45222007123801,0.0141977799721353,0.0482912880975946
"g2707",5.04402726490198,5.89025041313463,2.40375323948852,2.45043888714134,0.0142682181099434,0.0484505220918773
"g2565",1469.24763468628,0.787475728800615,0.321594617909161,2.44865953889517,0.0143388912831816,0.0486100264823229
"g2708",14193.820104408,1.01672651173043,0.416328818007441,2.44212379195008,0.0146011389186265,0.0494173860100709
"g474",1640.11038998616,0.843392743751099,0.345531293194813,2.44085777572565,0.0146524240448516,0.0494278317697215
"g1683",2606.01854585449,-0.885645330433575,0.362824892074285,-2.44097180149439,0.0146477984702019,0.0494278317697215
"g566",405.879146306226,-1.30299825330942,0.534109142190229,-2.43957302053695,0.0147046305370107,0.0495224913487831
